strona,imie i nazwisko,osoba towarzyszaca,prosba tak,prosba nie,dzieci,osoba starsza
pan młody,Matthias Buckley,Taran Snow,Vikki Brett,nie,nie,nie
pan młody,Conna Stacey,Ashleigh Frost,nie,nie,nie,nie
pan młody,Efe Dalby,Sara Mills,nie,,nie,nie
pan młody,Curtis Baxter,Kennedy Hays,Conna Stacey,Efe Dalby,nie,nie
pan młody,Richie Ray,Lennie Robbins,,,,nie
pan młody,Vikki Brett,Camille Carroll,nie,Ajwa Kearney,,nie
pan młody,Keri Eaton,Anwar Hilton,,nie,,nie
pan młody,Ayah Guerra,Rayhan Krause,Eileen Pitt,,7,nie
pan młody,Ajwa Kearney,,,Alisa Shea,,nie
pan młody,Eileen Pitt,Charley Lawson,Ember Krueger,,1,nie
pan młody,June Mclellan,August Mckenzie,nie,,,tak
pan młody,Ember Krueger,Torin Le,nie,,1,nie
pan młody,Konrad Cochran,Nora Herring,,Ajwa Kearney,2,nie
pan młody,Eduard Stewart,Rudy Archer,,,,tak
pan młody,Sion Burton,Dru Howarth,nie,Alisa Shea,3,nie
pan młody,Alia Bate,,nie,,,tak
pan młody,Alisa Shea,,,,1,nie
pan młody,Hakeem Cartwright,,nie,,,tak
pan młody,Shakira Villa,tak,Ayah Guerra,,,tak
pan młody,George Hayes,Sacha Mcdaniel,,,2,
pan młody,Mihai Rosas,Leigh Stuart,,,,
pan młody,Gail Kavanagh,Noor Moran,,Ayah Guerra,,
pan młody,Lawrence Robles,Max Green,,,2,
pan młody,Anniyah Whelan,Kit Kouma,Ayah Guerra,,,tak
pan młody,Sneha Carter,,,,,
pan młody,Alyce Ali,Zain Sanford,,,3,
pan młody,Reeva Ruiz,Lea Forrest,Gordon Espinosa,,,tak
pan młody,Catherine Knowles,Amman Mcguire,,,,
pan młody,Tommie Jacobson,Jordon Fellows,Ayah Guerra,,1,
pan młody,Gordon Espinosa,,,,,
pan młody,Inara Wood,Lilith Mcbride,,,,
pan młody,Cavan Truong,Cleo Maldonado,,,,
pan młody,Mandeep Blackwell,Rhian Harding,,Gordon Espinosa,2,
pan młody,Agatha Graham,,,,,
pan młody,Can Pritchard,Katrina Guthrie,,,,
pan młody,Sahar Banks,,,,,
pan młody,Arwen Andrew,Cordelia Espinosa,,,,
pan młody,Ayyan Glass,Shay Holding,,Gordon Espinosa,3,
pan młody,Hallie Fitzpatrick,Jaye Rooney,,,,